insert into Ateneo (nome, URL, tipologia, citta, regione, introduzione, costo_medio, num_borsaStudio, posizioneGraduatoria) values
('Università degli studi di Bologna', 'www.unibo.it', 'pubblica', 'Bologna', 'Emilia Romagna'),
('Università degli studi di Padova', 'www.unipd.it', 'pubblica', 'Padova', 'Veneto'),
('Università degli Studi del Molise', 'www.unimol.it', 'pubblica', 'Campobasso', 'Molise'),
('Università Cattolica del Sacro Cuore', 'www.unicatt.it', 'privata', 'Milano', 'Lombardia'),
('Università degli studi di Pisa', 'www.unipi.it', 'pubblica', 'Pisa', 'Toscana'),
('Università degli Studi di Perugia', 'www.unipg.it', 'pubblica', 'Perugia', 'Umbria'),
('Politecnico di Bari', 'www.poliba.it', 'pubblica', 'Bari', 'Puglia'),
('Università degli Studi della Tuscia', 'www.unitus.it', 'pubblica', 'Viterbo', 'Lazio'),
('Università della Calabria', 'www.unical.it', 'pubblica', 'Arcavacata di Rende', 'Calabria');

insert into ClassediLaurea (num_classe, denominazione, illustrazione, area_disciplinare, gruppo_disciplinare, durata_stimata) values
('L01', 'Lauree in Beni Culturali', 'La classe di laurea in Beni Culturali è una laurea che attira soprattutto coloro che mostrano una spiccata attenzione al patrimonio culturale, alla scrittura e lettura. L’Italia, luogo ricco di beni culturali fornisce ai laureati in Beni Culturali molte possibilità di impiego.', 'Umanistico-Sociale', 'gruppo_disciplinare', 'durata_stimata'),
('L02', 'Lauree in Biotecnologie', 'La classe di laurea in Biotecnologie offre una solida preparazione biologica di base che permette un interpretazione della realtà biologica in chiave prevalentemente molecolare e cellulare, senza tralasciare gli aspetti sistemici, sia in condizioni fisiologiche che patologiche.', 'Scientifico-Tecnologica', 'gruppo_disciplinare', 'durata_stimata'),
('L03', 'Lauree in Discipline delle Arti Figurative, della Musica, dello Spettacolo e della Moda', 'La classe di laurea in Design e Discipline della Moda si prefigge lo scopo di formare un progettista o un esperto in grado di confrontarsi con le innovazioni e le dinamiche di ricerca nella moda e nel design degli interni.', 'Umanistico-Sociale', 'gruppo_disciplinare', 'durata_stimata'),
('L07', 'Lauree in Ingegneria Civile e Ambientale', 'L’obiettivo principale della classe di laurea in Ingegneria Civile ed Ambientale è quello di formare ingegneri in grado di affrontare con competenze di primo livello la progettazione e la gestione delle opere e delle infrastrutture tipiche del settore civile e di operare nel campo della salvaguardia dell’ambiente da rischi naturali ed antropici.', 'Scientifico-Tecnologica', 'gruppo_disciplinare', 'durata_stimata'),
('L09', 'Lauree in Ingegneria Industriale', 'Il corso di laurea in Ingegneria Industriale fornisce gli strumenti necessari per gestire i processi di sviluppo di nuovi prodotti industriali (materiali e macchine) e di nuove tecnologie.', 'Scientifico-Tecnologica', 'gruppo_disciplinare', 'durata_stimata'),
('L10', 'Lauree in Lettere', 'La classe di laurea in Lettere mira a fornire fornire gli strumenti metodologici, critici e disciplinari per la conoscenza della civiltà moderna, dai suoi fondamenti classici e medievali alla sua configurazione contemporanea, attraverso le necessarie conoscenze di ordine linguistico, filologico, teorico, storico, geografico.', 'Umanistico-Sociale', 'gruppo_disciplinare', 'durata_stimata'),
('L13', 'Lauree in Scienze Biologiche', 'La classe di laurea in Scienze biologiche si propone l’obiettivo di fornire agli studenti una solida conoscenza di base dei principali settori delle scienze biologiche e una buona padronanza delle metodologie e tecnologie inerenti ai relativi campi di indagine scientifica, offrendo una preparazione adeguata alla conoscenza e comprensione dei progressi scientifici e tecnologici relativi alle scienze della vita.', 'Scientifico-Tecnologica', 'gruppo_disciplinare', 'durata_stimata'),
('L16', 'Lauree in Scienze dell’Amministrazione e dell’Organizzazione', 'La classe di laurea in Scienze dell’amministrazione e dell’organizzazione mira a sviluppare competenze negli ambiti storico-politico, giuridico, statistico-economico e linguistico.', 'area_disciplinare', 'gruppo_disciplinare', 'durata_stimata'),
('L18', 'Lauree in Scienze dell’Economia e della Gestione Aziendale', 'La classe di laurea in Scienze dell’economia e della gestione aziendale intende favorire l’acquisizione di solide basi e nuove conoscenze nelle aree di riferimento economiche, aziendali, giuridiche e quantitative.', 'area_disciplinare', 'gruppo_disciplinare', 'durata_stimata'),
('L19', 'Lauree in Scienze dell’Educazione e della Formazione', 'La classe di laurea in Scienze dell’Educazione e della Formazione è finalizzato all’acquisizione di conoscenze fondamentali e di competenze metodologiche inerenti ai saperi pedagogici e metodologico-didattici.', 'area_disciplinare', 'gruppo_disciplinare', 'durata_stimata'),
('L25', 'Lauree in Scienze e Tecnologie Agrarie e Forestali', 'La classe di laurea in Scienze e Tecnologie Agrarie e Forestali prevede attività formative di base, tra cui discipline matematiche, fisiche, informatiche, statistiche, chimiche e biologiche, ed attività formative caratterizzanti.', 'Scientifico-Tecnologica', 'gruppo_disciplinare', 'durata_stimata'),
('L30', 'Lauree in Scienze e Tecnologie Fisiche', 'La classe di laurea in scienze e tecnologie fisiche prevede, tra le attività formative di base, le discipline matematiche e informatiche, chimiche e fisiche. Esso inoltre prevede, tra le attività formative caratterizzanti, le discipline sperimentali e applicative, teoriche e dei fondamenti della fisica, discipline microfisiche e della struttura della materia e discipline astrofische, geofisiche e spaziali.', 'area_disciplinare', 'gruppo_disciplinare', 'durata_stimata'),
('L33', 'Lauree in Scienze Economiche', 'La classe di laurea in Scienze Economiche ha come obiettivo la formazione di laureati che dispongano di tutta la gamma degli strumenti necessari per svolgere ruoli attivi nei processi decisionali di carattere economico o che abbiano ripercussioni di natura economica.', 'area_disciplinare', 'gruppo_disciplinare', 'durata_stimata'),
('L38', 'Lauree in Scienze Zootecniche e Tecnologie delle Produzioni Animali', 'La classe di laurea in Scienze Zootecniche e Tecnologie delle Produzioni Animali mira a formare professionisti dotati di una solida preparazione scientifica e di avanzate capacità operative nei settori dell’allevamento, della genetica e dell’alimentazione animale e dell’industria di trasformazione dei prodotti di origine animale.', 'Scientifico-Tecnologica', 'gruppo_disciplinare', 'durata_stimata'),
('L40', 'Lauree in Sociologia', 'La classe di laurea in Sociologia si propone come obiettivo quello di analizzare e comprendere i complessi fenomeni sociali che circondano ciascuno di noi.', 'area_disciplinare', 'gruppo_disciplinare', 'durata_stimata'),
('L41', 'Lauree in Statistica', 'La classe di laurea in Statistica si propone come obiettivo quello di formare studenti con skills specifiche nella gestione e analisi di dati di grandi dimensioni nell’ambito di molteplici contesti lavorativi, permettendone l’impiego in contesti nazionali e internazionali per aziende pubbliche e private.', 'Scientifico-Tecnologica', 'gruppo_disciplinare', 'durata_stimata');

insert into CorsodiStudio (ateneo, classe_laurea, nome, accesso, URL) values
('Università degli studi di Bologna', 'L01', 'Corso di laurea in beni culturali', 'Accesso libero con prova', 'https://corsi.unibo.it/laurea/BeniCulturali'),
('Università degli studi di Bologna', 'L03', 'Corso di laurea in discipline delle arti, della musica e dello spettacolo', 'Accesso programmato', 'https://corsi.unibo.it/laurea/DAMS'),
('Università degli studi di Bologna', 'L07', 'Corso di laurea in ingegneria civile', 'Accesso programmato', 'https://corsi.unibo.it/laurea/IngegneriaCivile'),
('Università degli studi di Bologna', 'L07', 'Corso di laurea in ingegneria per l’ambiente e il territorio', 'Accesso programmato', 'https://corsi.unibo.it/laurea/IngegneriAmbienTerritorio'),
('Università degli studi di Bologna', 'L09', 'Corso di laurea in ingegneria chimica e biochimica', 'Accesso programmato', 'https://corsi.unibo.it/laurea/IngegneriaChimicaBiochimica'),
('Università degli studi di Bologna', 'L10', 'Corso di laurea in lettere', 'Accesso libero con prova', 'https://corsi.unibo.it/laurea/lettere'),
('Università degli studi di Bologna', 'L13', 'Corso di laurea in scienze biologiche', 'Accesso programmato', 'https://corsi.unibo.it/laurea/ScienzeBiologiche'),
('Università degli studi di Bologna', 'L18', 'Corso di laurea in economia del turismo', 'Accesso programmato', 'https://corsi.unibo.it/laurea/clet'),
('Università degli studi di Bologna', 'L18', 'Corso di laurea in economia dell’impresa', 'Accesso programmato', 'https://corsi.unibo.it/laurea/clei'),
('Università degli studi di Bologna', 'L19', 'Corso di laurea in educatore nei servizi per l’infanzia', 'Accesso programmato', 'https://corsi.unibo.it/laurea/EducatoreServiziInfanzia'),
('Università degli studi di Bologna', 'L25', 'Corso di laurea in economia e marketing nel sistema agro-industriale', 'Accesso libero con prova', 'https://corsi.unibo.it/laurea/EconomiaMarketingAgroIndustriale'),
('Università degli studi di Bologna', 'L25', 'Corso di laurea in tecnologie agrarie', 'Accesso libero con prova', 'https://corsi.unibo.it/laurea/TecnologieAgrarie'),
('Università degli studi di Bologna', 'L30', 'Corso di laurea in astronomia', 'Accesso programmato', 'https://corsi.unibo.it/laurea/Astronomia'),
('Università degli studi di Bologna', 'L30', 'Corso di laurea in fisica', 'Accesso programmato', 'https://corsi.unibo.it/laurea/fisica'),
('Università degli studi di Bologna', 'L33', 'Corso di laurea in economia, mercati e istituzioni', 'Accesso programmato', 'https://corsi.unibo.it/laurea/EconomiaMercatiIstituzioni'),

('Università degli studi di Padova', 'L01', 'Corso di laurea in archeologia', 'Accesso libero con prova', 'https://www.beniculturali.unipd.it/www/corsi/corsi-di-laurea/archeologia/'),
('Università degli studi di Padova', 'L01', 'Corso di laurea in storia e tutela dei beni artistici e musicali', 'Accesso libero con prova', 'https://www.beniculturali.unipd.it/www/corsi/corsi-di-laurea/storia-e-tutela-dei-beni-artistici-e-musicali/'),
('Università degli studi di Padova', 'L02', 'Corso di laurea in biotecnologie', 'Accesso programmato', 'https://biotecnologie.biologia.unipd.it/lt-biotecnologie/informazioni/presentazione/'),
('Università degli studi di Padova', 'L03', 'Corso di laurea in discipline delle arti, della musica e dello spettacolo', 'Accesso libero con prova', 'https://www.beniculturali.unipd.it/www/corsi/corsi-di-laurea/discipline-delle-arti-della-musica-e-dello-spettacolo/'),
('Università degli studi di Padova', 'L07', 'Corso di laurea in ingegneria civile e ambientale', 'Accesso libero con prova', 'https://www.ingegneria.unipd.it/offerta-didattica/corsi-di-laurea?tipo=L&ordinamento=2020&key=IN0505'),
('Università degli studi di Padova', 'L07', 'Corso di laurea in ingegneria per l’ambiente e il territorio', 'Accesso libero con prova', 'https://www.dicea.unipd.it/IAT'),
('Università degli studi di Padova', 'L09', 'Corso di laurea in ingegneria aerospaziale', 'Accesso libero con prova', 'https://www.ingegneria.unipd.it/offerta-didattica/corsi-di-laurea?tipo=L&ordinamento=2019&key=IN0511'),
('Università degli studi di Padova', 'L09', 'Corso di laurea in ingegneria chimica e dei materiali', 'Accesso libero con prova', 'https://www.unipd.it/offerta-didattica/agraria-e-medicina-veterinaria/ingegneria?tipo=L&scuola=IN&ordinamento=2011&key=IN1840'),
('Università degli studi di Padova', 'L09', 'Corso di laurea in ingegneria dell’energia', 'Accesso libero con prova', 'https://www.ingegneria.unipd.it/offerta-didattica/corsi-di-laurea?tipo=L&ordinamento=2019&key=IN0515#:~:text=Il%20corso%20di%20laurea%20in,energia%20nelle%20sue%20diverse%20forme%20('),
('Università degli studi di Padova', 'L10', 'Corso di laurea in lettere', 'Accesso libero con prova', 'https://ssu.elearning.unipd.it/course/view.php?id=980'),
('Università degli studi di Padova', 'L13', 'Corso di laurea in biologia', 'accesso', 'URL'),
('Università degli studi di Padova', 'L19', 'Corso di laurea in scienze dell’educazione e della formazione', 'Accesso programmato', 'https://ssu.elearning.unipd.it/course/view.php?id=1002'),
('Università degli studi di Padova', 'L25', 'Corso di laurea in scienze e tecnologie agrarie', 'Accesso libero con prova', 'https://www.dafnae.unipd.it/corsi/corsi-di-laurea-1/lauree-triennali-0/scienze-e-tecnologie-agrarie'),
('Università degli studi di Padova', 'L25', 'Corso di laurea in tecnologie forestali ed ambientali', 'Accesso programmato', 'https://www.agrariamedicinaveterinaria.unipd.it/offerta-didattica/corsi-di-laurea-triennale?tipo=L&ordinamento=2019&key=AG0059'),
('Università degli studi di Padova', 'L30', 'Corso di laurea in astronomia', 'Accesso a numero chiuso', 'http://astronomia.dfa.unipd.it/laurea/'),
('Università degli studi di Padova', 'L30', 'Corso di laurea in fisica', 'Accesso programmato', 'http://fisica.dfa.unipd.it/index.php?id=46'),
('Università degli studi di Padova', 'L38', 'Corso di laurea in scienze e tecnologie animali', 'Accesso libero con prova', 'https://www.dafnae.unipd.it/corsi/corsi-di-laurea-1/lauree-triennali-0/scienze-e-tecnologie-animali'),
('Università degli studi di Padova', 'L40', 'Corso di laurea in scienze sociologiche', 'Accesso programmato', 'https://ssu.elearning.unipd.it/course/view.php?id=1001'),

('Università degli Studi del Molise', 'L01', 'Corso di laurea in lettere e beni culturali', 'Accesso libero con prova', 'https://www2.dipscienzeumanistiche.unimol.it/lettere-e-beni-culturali/'),
('Università degli Studi del Molise', 'L13', 'Corso di laurea in scienze biologiche', 'Accesso libero con prova', 'https://www2.dipbioter.unimol.it/scienze-biologiche/'),
('Università degli Studi del Molise', 'L16', 'Corso di laurea in scienze della politica e dell’amministrazione', 'Accesso libero con prova', 'https://www2.dipeconomia.unimol.it/scienze-della-politica-e-dellamministrazione/'),
('Università degli Studi del Molise', 'L18', 'Corso di laurea in economia aziendale', 'Accesso libero con prova', 'https://www2.dipeconomia.unimol.it/economia-aziendale/'),
('Università degli Studi del Molise', 'L25', 'Corso di laurea in scienze e tecnologie forestali e ambientali', 'Accesso libero con prova', 'https://www2.dipagricoltura.unimol.it/scienze-e-tecnologie-forestali-ed-ambientali/'),

('Università Cattolica del Sacro Cuore', 'L01', 'Corso di laurea in scienze dei beni culturali', 'Accesso libero cronologico', 'https://www.unicatt.it/corsi/scienze-dei-beni-culturali-milano'),
('Università Cattolica del Sacro Cuore', 'L03', 'Corso di laurea in discipline delle arti, dei media e dello spettacolo', 'Accesso libero cronologico', 'https://www.unicatt.it/corsi/discipline-delle-arti-dei-media-e-dello-spettacolo-dams-brescia'),
('Università Cattolica del Sacro Cuore', 'L10', 'Corso di laurea in lettere', 'Accesso libero cronologico', 'https://www.unicatt.it/corsi/lettere-milano'),
('Università Cattolica del Sacro Cuore', 'L19', 'Corso di laurea in scienze dell’educazione e della formazione', 'Accesso programmato', 'https://www.unicatt.it/corsi/scienze-dell-educazione-e-della-formazione-milano'),
('Università Cattolica del Sacro Cuore', 'L25', 'Corso di laurea in scienze e tecnologie agrarie', 'Accesso libero cronologico', 'https://www.unicatt.it/corsi/scienze-e-tecnologie-agrarie-piacenza'),
('Università Cattolica del Sacro Cuore', 'L33', 'Corso di laurea in economia delle imprese e dei mercati', 'Accesso programmato', 'https://www.unicatt.it/corsi/economia-delle-imprese-e-dei-mercati-milano'),

('Università degli studi di Pisa', 'L01', 'Corso di laurea in scienze dei beni culturali', 'Accesso libero con prova', 'https://www.unipi.it/index.php/lauree/corso/10449'),
('Università degli studi di Pisa', 'L02', 'Corso di laurea in biotecnologie', 'Accesso programmato', 'https://www.unipi.it/index.php/lauree/corso/10459'),
('Università degli studi di Pisa', 'L03', 'Corso di laurea in discipline dello spettacolo e della comunicazione', 'Accesso libero con prova', 'https://www.unipi.it/index.php/lauree/corso/10550'),
('Università degli studi di Pisa', 'L07', 'Corso di laurea in ingegneria civile, ambientale e edile', 'Accesso libero con prova', 'https://www.unipi.it/index.php/lauree/corso/10622'),
('Università degli studi di Pisa', 'L09', 'Corso di laurea in ingegneria aerospaziale', 'Accesso programmato', 'https://www.unipi.it/index.php/lauree/corso/10280'),
('Università degli studi di Pisa', 'L10', 'Corso di laurea in lettere', 'Accesso libero con prova', 'https://www.unipi.it/index.php/lauree/corso/10454'),
('Università degli studi di Pisa', 'L13', 'Corso di laurea in scienze biologiche', 'Accesso programmato', 'https://www.unipi.it/index.php/lauree/corso/10460'),
('Università degli studi di Pisa', 'L16', 'Corso di laurea in scienze politiche, internazionali e dell’amministrazione', 'Accesso libero con prova', 'https://www.unipi.it/index.php/lauree/corso/10977'),
('Università degli studi di Pisa', 'L18', 'Corso di laurea in economia e legislazione dei sistemi logistici', 'Accesso libero con prova', 'https://www.unipi.it/index.php/lauree/corso/10448'),
('Università degli studi di Pisa', 'L25', 'Corso di laurea in scienze agrarie', 'Accesso libero con prova', 'https://www.unipi.it/index.php/lauree/corso/10424'),
('Università degli studi di Pisa', 'L30', 'Corso di laurea in fisica', 'Accesso libero con prova', 'https://www.unipi.it/index.php/lauree/corso/10441'),
('Università degli studi di Pisa', 'L33', 'Corso di laurea in economia e commercio', 'Accesso libero con prova', 'https://www.unipi.it/index.php/lauree/corso/10447'),
('Università degli studi di Pisa', 'L38', 'Corso di laurea in tecniche di allevamento animale ed educazione cinofila', 'Accesso programmato', 'https://www.unipi.it/index.php/lauree/corso/10624'),

('Università degli Studi di Perugia', 'L01', 'Corso di laurea in beni e attività culturali', 'Accesso libero con prova', 'https://www.unipg.it/internazionale/ects/catalogo-dei-corsi-2020-21?idcorso=288'),
('Università degli Studi di Perugia', 'L02', 'Corso di laurea in biotecnologie', 'Accesso libero con prova', 'https://www.unipg.it/internazionale/ects/catalogo-dei-corsi-2020-21?idcorso=225'),
('Università degli Studi di Perugia', 'L07', 'Corso di laurea in ingegneria civile ed ambientale', 'Accesso libero con prova', 'https://www.unipg.it/internazionale/ects/catalogo-dei-corsi-2020-21?idcorso=909'),
('Università degli Studi di Perugia', 'L09', 'Corso di laurea in ingegneria meccanica', 'Accesso libero con prova', 'https://www.unipg.it/internazionale/ects/catalogo-dei-corsi-2020-21?idcorso=195'),
('Università degli Studi di Perugia', 'L10', 'Corso di laurea in lettere', 'Accesso libero con prova', 'https://www.unipg.it/internazionale/ects/catalogo-dei-corsi-2020-21?idcorso=205'),
('Università degli Studi di Perugia', 'L13', 'Corso di laurea in scienze biologiche', 'Accesso libero con prova', 'https://www.unipg.it/internazionale/ects/catalogo-dei-corsi-2020-21?idcorso=230'),
('Università degli Studi di Perugia', 'L18', 'Corso di laurea in economia del turismo', 'Accesso libero con prova', 'https://econ.unipg.it/didattica/laurea-in-economia-del-turismo?idcorso=175&annoregolamento=2022'),
('Università degli Studi di Perugia', 'L19', 'Corso di laurea in scienze dell’educazione', 'Accesso libero con prova', 'https://www.unipg.it/internazionale/ects/catalogo-dei-corsi-2020-21?idcorso=280'),
('Università degli Studi di Perugia', 'L25', 'Corso di laurea in scienze agrarie ed ambientali', 'Accesso libero con prova', 'https://www.unipg.it/internazionale/ects/catalogo-dei-corsi-2020-21?idcorso=272'),
('Università degli Studi di Perugia', 'L30', 'Corso di laurea in fisica', 'Accesso libero con prova', 'https://www.unipg.it/internazionale/ects/catalogo-dei-corsi-2020-21?idcorso=231'),
('Università degli Studi di Perugia', 'L38', 'Corso di laurea in produzioni animali', 'Accesso libero con prova', 'https://www.unipg.it/internazionale/ects/catalogo-dei-corsi-2020-21?idcorso=279'),
('Università degli Studi di Perugia', 'L40', 'Corso di laurea in scienze per l’investigazione e la sicurezza', 'Accesso libero con prova', 'https://www.unipg.it/internazionale/ects/catalogo-dei-corsi-2020-21?idcorso=284'),

('Politecnico di Bari', 'L07', 'Corso di laurea in ingegneria civile e ambientale', 'Accesso libero con prova', 'https://orientami.poliba.it/ingegneria-civile-e-ambientale-poliba/'),
('Politecnico di Bari', 'L09', 'Corso di laurea in ingegneria elettrica', 'Accesso libero con prova', 'https://orientami.poliba.it/ingegneria-elettrica-laurea-triennale-poliba/'),

('Università degli Studi della Tuscia', 'L02', 'Corso di laurea in biotecnologie', 'Accesso libero con prova', 'https://unitusorienta.unitus.it/course/biotecnologie/'),
('Università degli Studi della Tuscia', 'L10', 'Corso di laurea in scienze umanistiche', 'Accesso libero con prova', 'https://www.unitus.it/it/dipartimento/l10'),
('Università degli Studi della Tuscia', 'L13', 'Corso di laurea in scienze biologiche', 'Accesso libero con prova', 'http://www.unitus.it/it/dipartimento/deb/scienzebiologiche-deb-sb09-28/articolo/presentazionedelcorso-deb-sb'),
('Università degli Studi della Tuscia', 'L25', 'Corso di laurea in scienze e tecnologie agrarie e ambientali', 'Accesso libero con prova', 'https://www.unitus.it/it/dipartimento/dafne/scienze-agrarie-e-ambientali/articolo/presentazione19'),

('Università della Calabria', 'L02', 'Corso di laurea in scienze e tecnologie biologiche', 'Accesso libero con prova', 'https://www.unical.it/storage/cds/7378/'),
('Università della Calabria', 'L03', 'Corso di laurea in comunicazione e dams', 'Accesso libero con prova', 'https://www.unical.it/storage/cds/5480/'),
('Università della Calabria', 'L07', 'Corso di laurea in ingegneria civile', 'Accesso libero con prova', 'https://www.unical.it/storage/cds/7659/'),
('Università della Calabria', 'L09', 'Corso di laurea in ingegneria chimica', 'Accesso libero con prova', 'https://www.unical.it/storage/cds/7178/?lang=it'),
('Università della Calabria', 'L13', 'Corso di laurea in biologia', 'Accesso libero con prova', 'https://www.unical.it/storage/cds/7379/'),
('Università della Calabria', 'L16', 'Corso di laurea in scienze dell’amministrazione', 'Accesso libero con prova', 'https://www.unical.it/storage/cds/7420/'),
('Università della Calabria', 'L18', 'Corso di laurea in economia aziendale', 'Accesso libero con prova', 'https://www.unical.it/storage/cds/7578/'),
('Università della Calabria', 'L19', 'Corso di laurea in scienze dell’educazione', 'Accesso libero con prova', 'https://www.unical.it/storage/cds/6959/'),
('Università della Calabria', 'L30', 'Corso di laurea in fisica', 'Accesso libero con prova', 'https://www.unical.it/storage/cds/6438/'),
('Università della Calabria', 'L33', 'Corso di laurea in economia', 'Accesso libero con prova', 'https://www.unical.it/storage/cds/7348/'),
('Università della Calabria', 'L41', 'Corso di laurea in statistica per le aziende e le assicurazioni', 'Accesso programmato', 'https://www.unical.it/storage/cds/3557/');

insert into Utente (nome_utente, password, nome, cognome, data_nascita, genere) values
('viscontisante@fastwebnet.it','rWbOWXhe','Ida','Gremese','1977-05-13','ND'),
('costalongalivio@hotmail.it','RGhoDtQc','Rocco','Botticelli','1971-09-10','M'),
('fiorinocatenazzi@yahoo.com','yIdxakZN','Alderano','Vecellio','1989-07-19','ND'),
('lodovicovismara@live.com','UIYnlCto','Adelasia','Sforza','1973-12-13','F'),
('redipietro@virgilio.it','YpVjTkac','Morena','Druso','1996-12-17','F'),
('talianigaspare@alice.it','ZcmpPtjt','Toni','Greco','1986-07-21','F'),
('doloresbarozzi@libero.it','yYodQMru','Antonello','Bersani','2014-12-05','F'),
('dantebarillaro@live.com','hLXhcZji','Calcedonio','Zola','2002-04-18','M'),
('mario98@live.com','sIdIXYlw','Jacopo','Rubbia','1987-07-14','ND'),
('visintinisaverio@alice.it','vAMNXPQq','Iolanda','Piane','2005-05-14','M'),
('dmannoia@outlook.com','HnGgDSFi','Leone','Sansoni','1984-10-18','M'),
('teresamontanari@virgilio.it','LcVhLPYn','Allegra','Orlando','2003-01-15','ND'),
('eugenia83@libero.it','ylLJySAv','Stefani','Maggioli','1992-02-21','M'),
('dgravina@live.com','sgwFgljp','Pomponio','Badoglio','2017-05-01','ND'),
('gaspare67@live.com','pbpGjIWU','Filippo','Gussoni','1972-07-01','F'),
('lamberto08@libero.it','YHZjTPDu','Nino','Piazzi','1981-03-02','F'),
('paulina14@vodafone.it','STJWqAkx','Carolina','Ferrucci','2004-02-11','M'),
('mazzacuratilazzaro@hotmail.it','zKMuXSiR','Marco','Panzera','2021-12-13','ND'),
('beatricebenussi@tiscali.it','GhKSkNVi','Arnulfo','Sermonti','1977-09-30','ND'),
('kgiradello@alice.it','UIWnmloe','Piergiorgio','Trobbiani','1975-06-06','M'),
('romolosatriani@hotmail.it','vDpeychl','Tina','Bocca','1994-06-19','ND'),
('sabatino33@virgilio.it','SQEfqSnj','Morena','Satta','2015-12-21','M'),
('riccatileopoldo@fastwebnet.it','dFpWtwdL','Camillo','Pepe','1976-02-06','ND'),
('bmarzorati@fastwebnet.it','VfnwWYPU','Adelasia','Gigli','1985-05-17','M'),
('bergogliotemistocle@outlook.com','isHDwJfJ','Rodolfo','Scarpetta','1972-09-11','F'),
('oletta@outlook.com','xXBGedgu','Licia','Pennetta','1976-08-17','F'),
('gvalguarnera@hotmail.it','qXSzCSlx','Luciano','Proietti','2018-01-07','F'),
('piermaria89@live.com','rBeIlEVt','Galasso','Amaldi','1987-09-15','F'),
('rosa42@tim.it','XWisoERt','Ilaria','Juvara','1994-05-11','ND'),
('saveriomonteverdi@hotmail.it','ZqZVpeGz','Oreste','Brancaccio','2003-01-19','ND'),
('pergolesisaverio@live.com','BbVNHnXA','Michelangelo','Scaramucci','2003-05-13','M'),
('geronimo66@libero.it','HwGQDRcL','Claudio','Scandone','1995-04-28','M'),
('chiara36@tim.it','ZPwkDpzi','Michela','Trevisani','1975-05-02','M'),
('tresoldigriselda@gmail.com','tHwZLNaP','Lodovico','Gentilini','1983-08-23','M'),
('acasarin@live.com','zJImGGjl','Liberto','Bruscantini','1979-04-20','M'),
('estaglieno@libero.it','rHzpLGdm','Margherita','Smirnoff','2014-09-23','ND'),
('lorenzo07@poste.it','IAeMvtbB','Gastone','Borroni','1978-12-03','M'),
('ozampa@libero.it','HmvvZiJz','Atenulf','Carullo','2000-05-12','ND'),
('giustinoargan@live.com','JcxWCmHJ','Flavio','Galiazzo','1981-06-04','ND'),
('marcella17@yahoo.com','WaGrmNvA','Salvatore','Argento','2005-12-03','ND'),
('jbelletini@libero.it','YiDDqRDt','Maria','Mondadori','2009-10-14','M'),
('adinolfifredo@gmail.com','doIHVith','Amanda','Rosselli','1981-12-10','M'),
('ymolesini@tin.it','dKlACfPI','Ranieri','Innocenti','2006-10-23','ND'),
('fanuccitina@vodafone.it','QQnYBcTY','Ugolino','Viviani','1996-09-22','ND'),
('omortati@tiscali.it','wbWCFroC','Alina','Cabibbo','1982-10-01','ND'),
('ninoamato@tiscali.it','eBklbCFD','Gionata','Tutino','2012-09-18','M'),
('guarino67@poste.it','dxwdAunl','Carla','Comeriato','1982-06-26','F'),
('vincenzo37@gmail.com','rZGehlgu','Olga','Caetani','1983-05-04','M'),
('xcarocci@gmail.com','RUktSczg','Barbara','Tozzi','2010-08-06','M'),
('ssalieri@hotmail.com','hFXfHTDp','Lamberto','Manzoni','1982-10-09','M'),
('donatellaleonetti@virgilio.it','mkvbqzIj','Maria','Donini','1971-04-04','F'),
('azegliorossellini@alice.it','ZFcIEDmV','Coriolano','Civaschi','1990-09-19','F'),
('maria06@live.com','IXCPNsni','Ninetta','Sordi','1981-01-28','ND'),
('evangelistasurian@tele2.it','ourkZyWl','Melina','Cappelli','1972-01-26','F'),
('rolandosismondi@gmail.com','dXPZATef','Alfio','Aporti','2003-02-20','M'),
('asmundogianmarco@yahoo.com','ihnKAwPK','Alberto','Ferrucci','2006-06-20','M'),
('jspallanzani@gmail.com','fzIhRjDT','Enzio','Jacuzzi','1998-04-05','M'),
('melissa66@tele2.it','ehDBdoQI','Alberto','Saragat','2003-05-24','F'),
('taccolaangelo@outlook.com','PnCebdtC','Gabriella','Govoni','1984-04-09','M'),
('gianfranco54@vodafone.it','jWPUDkCM','Rosalia','Leblanc','1994-04-09','ND'),
('venancio12@poste.it','yCLYQObj','Michelotto','Brunelleschi','1970-12-04','M'),
('nicolomatteotti@gmail.com','bnxsaXaU','Anita','Coardi','2022-06-10','F'),
('tizianagarozzo@live.com','bccZKbmB','Salvatore','Oscuro','2016-12-22','F'),
('paltrinierisilvia@live.com','XIoUsrwH','Laura','Odescalchi','1973-07-19','F'),
('adrianamimun@gmail.com','cZXuiQTY','Lazzaro','Cuzzocrea','1992-02-04','ND'),
('reggefiorino@vodafone.it','CtLgxpDW','Sandra','Tedesco','2012-01-29','M'),
('ernesto08@fastwebnet.it','wTLDRIna','Piergiuseppe','Cimarosa','2020-10-05','F'),
('hcallegaro@fastwebnet.it','HDjLaWCi','Torquato','Petruzzi','2007-03-30','M'),
('fscarpetta@gmail.com','aSmaMdwN','Oreste','Caironi','1992-05-13','F'),
('temanuelli@vodafone.it','nRghCqxl','Gelsomina','Baracca','2011-08-28','F'),
('nanni24@virgilio.it','GxNWlmoc','Giovanni','Rusticucci','2014-10-14','F'),
('lucia43@vodafone.it','QtleGxLr','Rosalia','Ariasso','2015-05-17','M'),
('berlusconimassimo@gmail.com','nqCMLnTu','Antonello','Galtarossa','1970-08-21','M'),
('milanesiagnolo@live.com','BruETVUQ','Rodolfo','Sermonti','1994-10-03','M'),
('vendittigionata@gmail.com','zrBKYnOh','Laureano','Barsanti','1997-06-24','M'),
('livio13@gmail.com','vbTibSzu','Tina','Rubbia','1979-12-28','F'),
('bassocaterina@fastwebnet.it','RqncySmO','Valeria','Donà','2006-12-28','F'),
('bbocelli@tiscali.it','haHyLbHp','Benvenuto','Staglieno','2003-12-16','M'),
('gabbanamatilda@tin.it','WhwipfxH','Allegra','Ubaldi','1971-04-20','F'),
('luigibalbo@gmail.com','qKJzubcL','Calcedonio','Costalonga','1986-01-29','M'),
('rpavanello@tin.it','MYLtEZnM','Zaira','Filangieri','1970-08-21','F'),
('giacinto14@libero.it','ZxRATuwK','Marcantonio','Collodi','2016-02-07','ND'),
('barsantimichelotto@hotmail.it','JkkxjhJf','Fabia','Zamengo','2020-03-14','ND'),
('rosamalenchini@live.com','YohcleiM','Fausto','Mercalli','1973-09-21','M'),
('mauro28@poste.it','XnPGdrsr','Vittoria','Bruno','1990-01-02','M'),
('niscoromniadelasia@gmail.com','sVkrRDQb','Pier','Vitturi','2016-11-08','F'),
('pacomiomarissa@alice.it','lUReVVHV','Angelo','Crisafulli','1996-06-03','ND'),
('farandaiolanda@libero.it','iwwaFPbs','Lolita','Salieri','1991-10-27','ND'),
('mirco68@vodafone.it','wXYmnsVE','Gianfrancesco','Giacometti','1991-02-16','M'),
('ornella36@tim.it','unGSnOiD','Fabia','Maggioli','1993-04-17','M'),
('tizianamontalti@gmail.com','ekbxpEVw','Anita','Albertini','2011-05-13','ND'),
('giulioflaiano@poste.it','jurkrvfn','Silvio','Marangoni','2014-12-27','M'),
('gpalmisano@libero.it','GektzkPn','Luciana','Luzi','2019-10-17','ND'),
('bruno33@hotmail.com','IuJoMlHV','Silvia','Papafava','1972-05-17','M'),
('izoppetto@yahoo.com','RJITGjNx','Antonia','Casadei','2014-01-30','M'),
('dallanicola@fastwebnet.it','OkfXyqGD','Paloma','Pometta','1982-09-14','ND'),
('gianlucacianciolo@gmail.com','IlOgtgsz','Guarino','Gullotta','1983-07-15','F'),
('gemmamorucci@virgilio.it','WgpfvbmB','Flavia','Coardi','1999-07-18','M'),
('mlittizzetto@hotmail.com','QxjhnBhG','Pierina','Roncalli','2001-03-03','F'),
('fabriziapisano@libero.it','PLrkgdKf','Rembrandt','Trincavelli','2001-08-18','ND');


insert into Valutazione (nome_utente, classe_laurea, data, commento, p_complessivo, p_acc_fisica, p_servizio_inclusione, tempestivita_burocratica, p_insegnamento) values
('nome_utente', 'classe_laurea', 'data', 'commento', 'p_complessivo', 'p_acc_fisica', 'p_servizio_inclusione', 'tempestivita_burocratica', 'p_insegnamento'),
('nome_utente', 'classe_laurea', 'data', 'commento', 'p_complessivo', 'p_acc_fisica', 'p_servizio_inclusione', 'tempestivita_burocratica', 'p_insegnamento'),
('nome_utente', 'classe_laurea', 'data', 'commento', 'p_complessivo', 'p_acc_fisica', 'p_servizio_inclusione', 'tempestivita_burocratica', 'p_insegnamento'),
('nome_utente', 'classe_laurea', 'data', 'commento', 'p_complessivo', 'p_acc_fisica', 'p_servizio_inclusione', 'tempestivita_burocratica', 'p_insegnamento'),
('nome_utente', 'classe_laurea', 'data', 'commento', 'p_complessivo', 'p_acc_fisica', 'p_servizio_inclusione', 'tempestivita_burocratica', 'p_insegnamento'),
('nome_utente', 'classe_laurea', 'data', 'commento', 'p_complessivo', 'p_acc_fisica', 'p_servizio_inclusione', 'tempestivita_burocratica', 'p_insegnamento'),
('nome_utente', 'classe_laurea', 'data', 'commento', 'p_complessivo', 'p_acc_fisica', 'p_servizio_inclusione', 'tempestivita_burocratica', 'p_insegnamento'),
('nome_utente', 'classe_laurea', 'data', 'commento', 'p_complessivo', 'p_acc_fisica', 'p_servizio_inclusione', 'tempestivita_burocratica', 'p_insegnamento'),
('nome_utente', 'classe_laurea', 'data', 'commento', 'p_complessivo', 'p_acc_fisica', 'p_servizio_inclusione', 'tempestivita_burocratica', 'p_insegnamento'),
('nome_utente', 'classe_laurea', 'data', 'commento', 'p_complessivo', 'p_acc_fisica', 'p_servizio_inclusione', 'tempestivita_burocratica', 'p_insegnamento'),
('nome_utente', 'classe_laurea', 'data', 'commento', 'p_complessivo', 'p_acc_fisica', 'p_servizio_inclusione', 'tempestivita_burocratica', 'p_insegnamento'),
('nome_utente', 'classe_laurea', 'data', 'commento', 'p_complessivo', 'p_acc_fisica', 'p_servizio_inclusione', 'tempestivita_burocratica', 'p_insegnamento'),
('nome_utente', 'classe_laurea', 'data', 'commento', 'p_complessivo', 'p_acc_fisica', 'p_servizio_inclusione', 'tempestivita_burocratica', 'p_insegnamento'),
('nome_utente', 'classe_laurea', 'data', 'commento', 'p_complessivo', 'p_acc_fisica', 'p_servizio_inclusione', 'tempestivita_burocratica', 'p_insegnamento'),
('nome_utente', 'classe_laurea', 'data', 'commento', 'p_complessivo', 'p_acc_fisica', 'p_servizio_inclusione', 'tempestivita_burocratica', 'p_insegnamento'),
('nome_utente', 'classe_laurea', 'data', 'commento', 'p_complessivo', 'p_acc_fisica', 'p_servizio_inclusione', 'tempestivita_burocratica', 'p_insegnamento'),
('nome_utente', 'classe_laurea', 'data', 'commento', 'p_complessivo', 'p_acc_fisica', 'p_servizio_inclusione', 'tempestivita_burocratica', 'p_insegnamento'),
('nome_utente', 'classe_laurea', 'data', 'commento', 'p_complessivo', 'p_acc_fisica', 'p_servizio_inclusione', 'tempestivita_burocratica', 'p_insegnamento'),
('nome_utente', 'classe_laurea', 'data', 'commento', 'p_complessivo', 'p_acc_fisica', 'p_servizio_inclusione', 'tempestivita_burocratica', 'p_insegnamento'),
('nome_utente', 'classe_laurea', 'data', 'commento', 'p_complessivo', 'p_acc_fisica', 'p_servizio_inclusione', 'tempestivita_burocratica', 'p_insegnamento'),
('nome_utente', 'classe_laurea', 'data', 'commento', 'p_complessivo', 'p_acc_fisica', 'p_servizio_inclusione', 'tempestivita_burocratica', 'p_insegnamento'),
('nome_utente', 'classe_laurea', 'data', 'commento', 'p_complessivo', 'p_acc_fisica', 'p_servizio_inclusione', 'tempestivita_burocratica', 'p_insegnamento'),
('nome_utente', 'classe_laurea', 'data', 'commento', 'p_complessivo', 'p_acc_fisica', 'p_servizio_inclusione', 'tempestivita_burocratica', 'p_insegnamento'),
('nome_utente', 'classe_laurea', 'data', 'commento', 'p_complessivo', 'p_acc_fisica', 'p_servizio_inclusione', 'tempestivita_burocratica', 'p_insegnamento'),
('nome_utente', 'classe_laurea', 'data', 'commento', 'p_complessivo', 'p_acc_fisica', 'p_servizio_inclusione', 'tempestivita_burocratica', 'p_insegnamento'),
('nome_utente', 'classe_laurea', 'data', 'commento', 'p_complessivo', 'p_acc_fisica', 'p_servizio_inclusione', 'tempestivita_burocratica', 'p_insegnamento'),
('nome_utente', 'classe_laurea', 'data', 'commento', 'p_complessivo', 'p_acc_fisica', 'p_servizio_inclusione', 'tempestivita_burocratica', 'p_insegnamento'),
('nome_utente', 'classe_laurea', 'data', 'commento', 'p_complessivo', 'p_acc_fisica', 'p_servizio_inclusione', 'tempestivita_burocratica', 'p_insegnamento'),
('nome_utente', 'classe_laurea', 'data', 'commento', 'p_complessivo', 'p_acc_fisica', 'p_servizio_inclusione', 'tempestivita_burocratica', 'p_insegnamento'),
('nome_utente', 'classe_laurea', 'data', 'commento', 'p_complessivo', 'p_acc_fisica', 'p_servizio_inclusione', 'tempestivita_burocratica', 'p_insegnamento'),
('nome_utente', 'classe_laurea', 'data', 'commento', 'p_complessivo', 'p_acc_fisica', 'p_servizio_inclusione', 'tempestivita_burocratica', 'p_insegnamento'),
('nome_utente', 'classe_laurea', 'data', 'commento', 'p_complessivo', 'p_acc_fisica', 'p_servizio_inclusione', 'tempestivita_burocratica', 'p_insegnamento');
